{
  "n_rows": 106113,
  "mean": 1.214626648007313,
  "std": 1.5989657899093914,
  "median": 0.27380000000000004,
  "q25": 0.0,
  "q75": 2.2075,
  "metal_fraction": 0.43492314796490533
}