model,rmse_test,r2_test
baseline_mean,1.6163635133066605,-0.0004310368868738479
xgb,0.7147339360262651,0.804386922311298
mlp,0.7384004820617097,0.7912180147404706
rf,0.7458479157922734,0.786985267687436
ridge,1.0800381374401857,0.5533295088112551
